{
  "(12, 1, 0, 13, 1, 0, 39, 1, 0, 300, 120, 5)": [
    -0.45,
    0.0,
    0.0,
    0.0,
    0.0,
    0.0,
    0.0,
    0.0,
    0.0,
    0.0
  ],
  "(12, 0, 0, 13, 1, 0, 39, 1, 0, 300, 120, 5)": [
    0.0,
    0.0,
    0.0,
    0.0,
    0.15,
    0.0,
    0.0,
    0.0,
    0.0,
    0.0
  ],
  "(12, 0, 0, 13, 1, 1, 39, 1, 0, 300, 120, 5)": [
    0.6578784162213333,
    0.0,
    0.0,
    0.0,
    0.0,
    0.0,
    0.0,
    0.0,
    0.0,
    0.0
  ],
  "(12, 1, 0, 13, 1, 1, 39, 1, 0, 300, 120, 5)": [
    0.7191598392161301,
    0.0,
    0.0,
    0.0,
    0.0,
    0.65,
    0.0,
    0.0,
    0.0,
    0.05
  ],
  "(12, 1, 0, 13, 1, 1, 39, 1, 0, 300, 115, 5)": [
    0.3941446875,
    0.0,
    0.0,
    0.0,
    0.0,
    0.0,
    0.0,
    0.0,
    0.33199609954951664,
    0.0
  ],
  "(12, 0, 0, 13, 1, 1, 39, 1, 0, 300, 115, 5)": [
    0.344261984375,
    0.0,
    0.0,
    0.0,
    0.0,
    0.0,
    0.0,
    0.0,
    0.0,
    0.0
  ],
  "(12, 1, 0, 13, 1, 1, 39, 1, 1, 300, 120, 5)": [
    0.75,
    0.0,
    0.0,
    0.0,
    0.0,
    0.0,
    0.0,
    0.0,
    0.0,
    0.0
  ],
  "(12, 0, 0, 13, 1, 1, 39, 1, 1, 300, 120, 5)": [
    0.0,
    0.25,
    0.0,
    0.0,
    0.0,
    0.0,
    0.0,
    0.0,
    0.0,
    0.0
  ],
  "(12, 0, 0, 13, 0, 1, 39, 1, 1, 300, 120, 5)": [
    0.5923696875,
    0.0,
    0.0,
    0.0,
    0.0,
    0.0,
    0.0,
    0.0,
    0.0,
    0.0
  ],
  "(12, 1, 0, 13, 0, 1, 39, 1, 1, 300, 120, 5)": [
    0.57429375,
    0.0,
    0.0,
    0.0,
    0.0,
    0.0,
    0.0,
    0.15,
    0.0,
    0.0
  ],
  "(12, 1, 0, 13, 0, 1, 39, 1, 1, 295, 120, 5)": [
    1.825298663114164,
    0.0,
    0.0,
    0.0,
    0.0,
    0.0,
    0.0,
    0.0,
    0.0,
    0.0
  ],
  "(12, 0, 0, 13, 0, 1, 39, 1, 1, 295, 120, 5)": [
    1.6441226867738026,
    0.75,
    0.0,
    0.0,
    0.0,
    0.0,
    0.0,
    0.0,
    0.0,
    0.0
  ],
  "(12, 0, 0, 13, 1, 1, 39, 1, 1, 295, 120, 5)": [
    5.566185469921159,
    0.0,
    0.0,
    0.0,
    0.0,
    0.0,
    0.0,
    0.0,
    0.0,
    0.75
  ],
  "(12, 1, 0, 13, 1, 1, 39, 1, 1, 295, 120, 5)": [
    5.947668428054908,
    0.0,
    0.0,
    0.0,
    0.0,
    0.0,
    0.0,
    0.0,
    0.0,
    0.0
  ],
  "(12, 0, 0, 13, 1, 1, 39, 1, 1, 295, 115, 5)": [
    2.99093252578125,
    0.0,
    0.0,
    0.0,
    0.0,
    0.0,
    0.0,
    0.0,
    0.0,
    0.0
  ],
  "(12, 1, 0, 13, 1, 1, 39, 1, 1, 295, 115, 5)": [
    2.717005265625,
    0.0,
    0.0,
    0.0,
    0.0,
    0.0,
    0.0,
    0.0,
    0.0,
    0.65
  ],
  "(12, 1, 0, 13, 1, 1, 39, 1, 1, 295, 110, 5)": [
    8.07243272746771,
    0.0,
    0.0,
    0.0,
    0.0,
    0.0,
    0.0,
    0.0,
    0.0,
    0.0
  ],
  "(12, 0, 0, 13, 1, 1, 39, 1, 1, 295, 110, 5)": [
    7.763351163147258,
    0.0,
    0.0,
    0.0,
    0.0,
    0.0,
    0.0,
    0.0,
    0.0,
    0.0
  ]
}