{
  "(12, 1, 0, 13, 1, 0, 39, 1, 0, 300, 120, 1)": [
    0.0,
    0.0,
    0.0,
    0.0,
    0.0,
    0.0,
    0.0,
    0.0,
    0.0,
    0.54
  ],
  "(12, 1, 0, 13, 1, 0, 39, 1, 0, 300, 115, 1)": [
    0.0,
    0.0,
    0.66,
    0.0,
    0.0,
    0.0,
    0.0,
    0.0,
    0.0,
    0.0
  ],
  "(12, 1, 0, 13, 1, 0, 39, 0, 0, 300, 115, 1)": [
    0.78,
    0.0,
    0.0,
    0.0,
    1.38,
    0.0,
    0.0,
    0.0,
    0.0,
    0.0
  ],
  "(12, 0, 0, 13, 1, 0, 39, 0, 0, 300, 115, 1)": [
    1.0578,
    0.0,
    0.0,
    0.0,
    0.0,
    0.0,
    0.78,
    0.0,
    0.0,
    0.0
  ],
  "(12, 1, 0, 13, 1, 1, 39, 0, 0, 300, 115, 1)": [
    3.19395,
    0.0,
    0.0,
    2.1,
    0.0,
    0.0,
    0.0,
    0.0,
    0.0,
    0.0
  ],
  "(12, 0, 0, 13, 1, 1, 39, 0, 0, 300, 115, 1)": [
    3.8669144999999996,
    0.0,
    0.0,
    0.0,
    0.0,
    0.0,
    0.0,
    0.0,
    0.0,
    0.0
  ],
  "(12, 1, 1, 13, 1, 1, 39, 0, 0, 300, 115, 1)": [
    0.0,
    0.0,
    0.0,
    0.0,
    0.0,
    0.0,
    0.0,
    2.1,
    0.0,
    0.0
  ],
  "(12, 1, 1, 13, 1, 1, 39, 0, 0, 295, 115, 1)": [
    0.0,
    0.0,
    0.0,
    0.0,
    0.0,
    0.0,
    0.0,
    0.0,
    0.0,
    2.1
  ],
  "(12, 1, 1, 13, 1, 1, 39, 0, 0, 295, 110, 1)": [
    1.5,
    0.0,
    1.9799999999999998,
    0.0,
    0.0,
    0.0,
    0.0,
    0.0,
    0.0,
    0.0
  ],
  "(12, 0, 1, 13, 1, 1, 39, 0, 0, 295, 110, 1)": [
    2.865,
    0.0,
    0.0,
    0.0,
    0.0,
    0.0,
    0.0,
    0.0,
    0.0,
    0.0
  ],
  "(12, 1, 1, 13, 1, 1, 39, 1, 0, 295, 110, 1)": [
    3.300738,
    0.0,
    0.0,
    0.0,
    0.0,
    0.0,
    0.0,
    0.0,
    0.0,
    0.0
  ],
  "(12, 0, 1, 13, 1, 1, 39, 1, 0, 295, 110, 1)": [
    2.6837999999999997,
    0.0,
    0.0,
    0.0,
    0.8999999999999999,
    0.0,
    0.0,
    0.0,
    0.0,
    0.0
  ],
  "(12, 0, 1, 13, 1, 2, 39, 1, 0, 295, 110, 1)": [
    1.5,
    0.0,
    0.0,
    0.0,
    0.0,
    0.0,
    0.0,
    0.0,
    0.0,
    0.8999999999999999
  ],
  "(12, 1, 1, 13, 1, 2, 39, 1, 0, 295, 110, 1)": [
    1.6649999999999998,
    0.0,
    0.0,
    0.0,
    0.0,
    0.0,
    0.0,
    0.0,
    0.0,
    0.0
  ],
  "(12, 0, 1, 13, 1, 2, 39, 1, 0, 295, 105, 1)": [
    2.94915,
    0.0,
    0.0,
    0.0,
    0.0,
    0.0,
    0.8999999999999999,
    0.0,
    0.0,
    0.0
  ],
  "(12, 1, 1, 13, 1, 2, 39, 1, 0, 295, 105, 1)": [
    3.0700665,
    0.0,
    0.0,
    0.0,
    0.0,
    0.0,
    0.0,
    0.0,
    0.0,
    0.0
  ],
  "(12, 0, 1, 13, 1, 2, 39, 1, 0, 300, 105, 1)": [
    1.5,
    0.0,
    0.0,
    0.0,
    0.0,
    0.0,
    0.0,
    0.0,
    0.0,
    0.0
  ],
  "(12, 1, 1, 13, 1, 2, 39, 1, 0, 300, 105, 1)": [
    0.0,
    0.0,
    0.0,
    0.0,
    0.0,
    0.0,
    0.0,
    0.0,
    0.0,
    1.5
  ],
  "(12, 1, 1, 13, 1, 2, 39, 1, 0, 300, 100, 1)": [
    6.627855573297895,
    0.0,
    0.0,
    0.0,
    0.0,
    0.0,
    0.0,
    0.0,
    0.0,
    0.0
  ],
  "(12, 0, 1, 13, 1, 2, 39, 1, 0, 300, 100, 1)": [
    6.735062280138209,
    0.0,
    0.0,
    0.8999999999999999,
    0.0,
    0.0,
    0.0,
    0.0,
    0.0,
    0.0
  ],
  "(12, 0, 2, 13, 1, 2, 39, 1, 0, 300, 100, 1)": [
    1.02,
    0.0,
    0.0,
    0.0,
    0.0,
    0.0,
    0.0,
    0.0,
    0.0,
    0.0
  ],
  "(12, 1, 2, 13, 1, 2, 39, 1, 0, 300, 100, 1)": [
    0.0,
    0.0,
    1.14,
    0.0,
    0.0,
    0.0,
    0.0,
    0.0,
    0.0,
    0.0
  ],
  "(12, 1, 2, 13, 1, 2, 39, 0, 0, 300, 100, 1)": [
    0.0,
    0.0,
    0.0,
    0.0,
    0.72,
    0.0,
    0.0,
    0.0,
    0.0,
    0.0
  ],
  "(12, 1, 2, 13, 1, 3, 39, 0, 0, 300, 100, 1)": [
    0.0,
    0.0,
    0.0,
    0.0,
    0.0,
    0.0,
    0.0,
    0.0,
    0.72,
    0.0
  ],
  "(12, 1, 2, 13, 1, 3, 39, 0, 0, 300, 105, 1)": [
    0.0,
    0.0,
    0.0,
    0.0,
    0.8999999999999999,
    0.0,
    0.0,
    0.0,
    0.0,
    0.0
  ],
  "(12, 1, 2, 13, 1, 0, 39, 0, 0, 300, 105, 1)": [
    0.78,
    0.0,
    0.0,
    0.0,
    1.62,
    0.0,
    0.0,
    0.0,
    0.0,
    0.0
  ],
  "(12, 0, 2, 13, 1, 0, 39, 0, 0, 300, 105, 1)": [
    1.2978,
    0.0,
    0.0,
    0.0,
    0.0,
    0.0,
    0.0,
    0.0,
    0.0,
    0.0
  ],
  "(12, 1, 2, 13, 1, 1, 39, 0, 0, 300, 105, 1)": [
    1.5,
    0.0,
    0.0,
    0.0,
    1.14,
    0.0,
    0.0,
    0.0,
    0.0,
    0.0
  ],
  "(12, 0, 2, 13, 1, 1, 39, 0, 0, 300, 105, 1)": [
    2.385,
    0.0,
    0.0,
    0.0,
    0.0,
    0.0,
    0.0,
    0.0,
    0.0,
    0.0
  ],
  "(12, 1, 2, 13, 1, 2, 39, 0, 0, 300, 105, 1)": [
    2.2747019999999996,
    0.0,
    0.0,
    0.0,
    0.0,
    0.0,
    0.0,
    0.0,
    0.0,
    0.0
  ],
  "(12, 0, 2, 13, 1, 2, 39, 0, 0, 300, 105, 1)": [
    1.6602,
    0.0,
    0.0,
    0.0,
    0.0,
    0.0,
    0.0,
    1.02,
    0.0,
    0.0
  ],
  "(12, 0, 2, 13, 1, 2, 39, 0, 0, 295, 105, 1)": [
    3.5795181113999996,
    0.0,
    0.0,
    0.0,
    0.0,
    0.0,
    0.0,
    0.0,
    0.0,
    0.0
  ],
  "(12, 1, 2, 13, 1, 2, 39, 0, 0, 295, 105, 1)": [
    2.8910441399999995,
    0.0,
    0.0,
    0.72,
    0.0,
    0.0,
    0.0,
    0.0,
    0.0,
    0.0
  ],
  "(12, 1, 3, 13, 1, 2, 39, 0, 0, 295, 105, 1)": [
    0.0,
    0.0,
    0.0,
    0.8999999999999999,
    0.0,
    0.0,
    0.0,
    0.0,
    0.0,
    0.0
  ],
  "(12, 1, 0, 13, 1, 2, 39, 0, 0, 295, 105, 1)": [
    2.1523019999999997,
    0.0,
    0.0,
    0.0,
    0.0,
    0.0,
    0.0,
    0.0,
    0.0,
    0.0
  ],
  "(12, 0, 0, 13, 1, 2, 39, 0, 0, 295, 105, 1)": [
    1.4202,
    0.0,
    0.8999999999999999,
    0.0,
    0.0,
    0.0,
    0.0,
    0.0,
    0.0,
    0.0
  ],
  "(12, 0, 0, 13, 1, 2, 39, 1, 0, 295, 105, 1)": [
    1.7538779999999998,
    0.0,
    0.0,
    0.0,
    0.0,
    0.0,
    0.0,
    0.8999999999999999,
    0.0,
    0.0
  ],
  "(12, 1, 0, 13, 1, 2, 39, 1, 0, 295, 105, 1)": [
    2.3135977799999994,
    0.0,
    0.0,
    0.0,
    0.0,
    0.0,
    0.0,
    0.0,
    0.0,
    0.0
  ],
  "(12, 0, 0, 13, 1, 2, 39, 1, 0, 290, 105, 1)": [
    0.78,
    0.0,
    0.0,
    0.0,
    0.0,
    0.0,
    0.0,
    0.0,
    0.0,
    0.0
  ],
  "(12, 1, 0, 13, 1, 2, 39, 1, 0, 290, 105, 1)": [
    0.0,
    0.0,
    0.0,
    0.0,
    0.0,
    0.0,
    0.0,
    0.0,
    0.78,
    0.0
  ],
  "(12, 1, 0, 13, 1, 2, 39, 1, 0, 290, 110, 1)": [
    0.0,
    0.0,
    0.8999999999999999,
    0.0,
    0.0,
    0.0,
    0.0,
    0.0,
    0.0,
    0.0
  ],
  "(12, 1, 0, 13, 1, 2, 39, 0, 0, 290, 110, 1)": [
    0.0,
    0.0,
    0.0,
    0.0,
    0.0,
    0.0,
    0.8999999999999999,
    0.0,
    0.0,
    0.0
  ],
  "(12, 1, 0, 13, 1, 2, 39, 0, 0, 295, 110, 1)": [
    4.9153376158495155,
    0.0,
    0.0,
    0.0,
    0.0,
    0.0,
    0.0,
    0.0,
    0.0,
    0.0
  ],
  "(12, 0, 0, 13, 1, 2, 39, 0, 0, 295, 110, 1)": [
    4.41613391598178,
    0.0,
    0.0,
    1.02,
    0.0,
    0.0,
    0.0,
    0.0,
    0.0,
    0.0
  ],
  "(12, 0, 1, 13, 1, 2, 39, 0, 0, 295, 110, 1)": [
    4.6354566762000005,
    0.0,
    0.0,
    0.0,
    0.0,
    1.02,
    0.0,
    0.0,
    0.0,
    0.0
  ],
  "(12, 1, 1, 13, 1, 2, 39, 0, 0, 295, 110, 1)": [
    4.742225552862,
    0.0,
    0.0,
    0.0,
    0.0,
    0.0,
    0.0,
    0.0,
    0.0,
    0.0
  ],
  "(12, 0, 1, 13, 1, 2, 39, 0, 1, 295, 110, 1)": [
    0.0,
    0.0,
    0.0,
    1.02,
    0.0,
    0.0,
    0.0,
    0.0,
    0.0,
    0.0
  ],
  "(12, 0, 2, 13, 1, 2, 39, 0, 1, 295, 110, 1)": [
    2.4127139999999994,
    0.0,
    0.0,
    0.0,
    0.0,
    0.0,
    0.0,
    0.0,
    0.0,
    0.0
  ],
  "(12, 1, 2, 13, 1, 2, 39, 0, 1, 295, 110, 1)": [
    1.6013999999999997,
    0.0,
    0.0,
    0.0,
    0.72,
    0.0,
    0.0,
    0.0,
    0.0,
    0.0
  ],
  "(12, 1, 2, 13, 1, 3, 39, 0, 1, 295, 110, 1)": [
    0.6,
    0.0,
    0.0,
    0.0,
    0.0,
    0.0,
    0.0,
    0.0,
    0.0,
    0.0
  ],
  "(12, 0, 2, 13, 1, 3, 39, 0, 1, 295, 110, 1)": [
    0.0,
    0.0,
    0.0,
    0.0,
    0.0,
    0.0,
    0.0,
    0.0,
    0.0,
    0.0
  ]
}