{
  "(12, 1, 0, 13, 1, 0, 39, 1, 0, 300, 120, 2)": [
    1.095042,
    0.0,
    0.0,
    0.0,
    0.0,
    0.72,
    0.0,
    0.0,
    0.0,
    0.0
  ],
  "(12, 0, 0, 13, 1, 0, 39, 1, 0, 300, 120, 2)": [
    1.7361514200000001,
    0.0,
    0.0,
    0.0,
    0.0,
    0.0,
    0.0,
    0.0,
    0.0,
    0.0
  ],
  "(12, 1, 0, 13, 1, 0, 39, 1, 1, 300, 120, 2)": [
    0.36,
    0.0,
    0.0,
    0.0,
    0.0,
    0.0,
    0.0,
    0.0,
    0.0,
    0.0
  ],
  "(12, 0, 0, 13, 1, 0, 39, 1, 1, 300, 120, 2)": [
    0.0,
    0.0,
    0.0,
    0.0,
    0.0,
    0.54,
    0.0,
    0.0,
    0.0,
    0.0
  ],
  "(12, 0, 0, 13, 1, 0, 39, 1, 2, 300, 120, 2)": [
    5.592471840801967,
    0.0,
    0.0,
    0.54,
    0.0,
    0.0,
    0.0,
    0.0,
    0.0,
    0.0
  ],
  "(12, 1, 0, 13, 1, 0, 39, 1, 2, 300, 120, 2)": [
    5.4302244841408145,
    0.0,
    0.0,
    0.0,
    0.0,
    0.0,
    2.2137123139749,
    0.0,
    0.0,
    0.0
  ],
  "(12, 0, 1, 13, 1, 0, 39, 1, 2, 300, 120, 2)": [
    1.669884,
    0.0,
    0.0,
    0.0,
    0.0,
    0.0,
    0.0,
    0.0,
    0.0,
    0.0
  ],
  "(12, 1, 1, 13, 1, 0, 39, 1, 2, 300, 120, 2)": [
    0.9683999999999999,
    0.48,
    0.0,
    0.0,
    0.0,
    0.0,
    0.0,
    0.0,
    0.0,
    0.0
  ],
  "(12, 1, 1, 13, 0, 0, 39, 1, 2, 300, 120, 2)": [
    0.18,
    0.0,
    0.0,
    0.0,
    0.0,
    0.0,
    0.0,
    0.0,
    0.0,
    0.0
  ],
  "(12, 0, 1, 13, 0, 0, 39, 1, 2, 300, 120, 2)": [
    0.0,
    0.0,
    0.0,
    0.0,
    0.0,
    0.0,
    0.0,
    0.18,
    0.0,
    0.0
  ],
  "(12, 0, 1, 13, 0, 0, 39, 1, 2, 295, 120, 2)": [
    0.48,
    0.0,
    0.0,
    0.0,
    0.0,
    0.0,
    0.0,
    0.0,
    0.0,
    0.0
  ],
  "(12, 1, 1, 13, 0, 0, 39, 1, 2, 295, 120, 2)": [
    0.0,
    0.0,
    0.0,
    0.0,
    0.0,
    0.0,
    0.0,
    0.0,
    0.48,
    0.0
  ],
  "(12, 1, 1, 13, 0, 0, 39, 1, 2, 295, 125, 2)": [
    1.22021795725218,
    0.0,
    0.0,
    0.0,
    0.0,
    0.0,
    0.0,
    0.0,
    0.0,
    0.0
  ],
  "(12, 0, 1, 13, 0, 0, 39, 1, 2, 295, 125, 2)": [
    1.333533687318,
    0.0,
    0.0,
    0.0,
    0.0,
    0.0,
    0.0,
    0.18,
    0.18,
    0.0
  ],
  "(12, 0, 1, 13, 0, 0, 39, 1, 2, 295, 130, 2)": [
    2.2836603918577656,
    0.0,
    0.0,
    0.0,
    0.0,
    0.0,
    0.0,
    0.0,
    0.0,
    0.6828422418
  ],
  "(12, 1, 1, 13, 0, 0, 39, 1, 2, 295, 130, 2)": [
    2.109143427657096,
    0.0,
    0.0,
    0.0,
    0.0,
    0.0,
    0.0,
    0.0,
    0.0,
    0.0
  ],
  "(12, 0, 1, 13, 0, 0, 39, 1, 2, 290, 125, 2)": [
    0.8886480000000001,
    0.0,
    0.0,
    0.0,
    0.0,
    0.0,
    0.0,
    0.0,
    0.0,
    0.0
  ],
  "(12, 1, 1, 13, 0, 0, 39, 1, 2, 290, 125, 2)": [
    0.42479999999999996,
    4.814129182196455,
    0.0,
    0.0,
    0.0,
    0.0,
    0.0,
    0.48,
    0.0,
    0.0
  ],
  "(12, 1, 1, 13, 1, 0, 39, 1, 2, 290, 125, 2)": [
    0.54,
    4.658925380461562,
    0.0,
    0.0,
    0.0,
    0.0,
    0.0,
    0.0,
    0.0,
    0.0
  ],
  "(12, 0, 1, 13, 1, 0, 39, 1, 2, 290, 125, 2)": [
    1.1154,
    0.0,
    0.0,
    0.0,
    0.0,
    0.0,
    0.0,
    0.0,
    0.0,
    0.0
  ],
  "(12, 1, 1, 13, 0, 0, 39, 1, 2, 285, 125, 2)": [
    0.0,
    0.0,
    0.0,
    0.0,
    0.0,
    0.0,
    0.0,
    0.0,
    0.48,
    0.0
  ],
  "(12, 1, 1, 13, 0, 0, 39, 1, 2, 285, 130, 2)": [
    0.0,
    0.0,
    0.0,
    0.0,
    0.0,
    0.0,
    0.0,
    0.48,
    0.0,
    0.0
  ],
  "(12, 1, 1, 13, 0, 0, 39, 1, 2, 280, 130, 2)": [
    1.9677760752639868,
    0.0,
    0.0,
    0.0,
    0.0,
    0.0,
    0.0,
    0.0,
    0.0,
    0.0
  ],
  "(12, 0, 1, 13, 0, 0, 39, 1, 2, 280, 130, 2)": [
    2.1327683765513714,
    0.0,
    0.0,
    0.0,
    0.0,
    0.3,
    0.0,
    0.0,
    0.0,
    0.0
  ],
  "(12, 0, 1, 13, 0, 0, 39, 1, 3, 280, 130, 2)": [
    1.14906,
    0.0,
    0.0,
    0.0,
    0.0,
    0.0,
    0.0,
    0.0,
    0.0,
    0.0
  ],
  "(12, 1, 1, 13, 0, 0, 39, 1, 3, 280, 130, 2)": [
    0.606,
    0.0,
    0.0,
    0.0,
    0.0,
    0.0,
    0.0,
    0.0,
    0.0,
    0.0
  ]
}