{
  "(12, 1, 1, 13, 1, 2, 39, 1, 2, 30, 60, 1)": [
    3.40815,
    0.0,
    0.0,
    0.0,
    0.0,
    0.0,
    0.0,
    0.0,
    0.0,
    0.0
  ],
  "(12, 0, 1, 13, 1, 2, 39, 1, 2, 30, 60, 1)": [
    2.565,
    0.0,
    0.0,
    1.5,
    0.0,
    0.0,
    0.0,
    0.0,
    0.0,
    0.0
  ],
  "(12, 0, 2, 13, 1, 2, 39, 1, 2, 30, 60, 1)": [
    10.33538832728147,
    0.0,
    0.0,
    0.0,
    0.0,
    0.0,
    0.0,
    0.0,
    0.0,
    0.0
  ],
  "(12, 1, 2, 13, 1, 2, 39, 1, 2, 30, 60, 1)": [
    9.282598640522547,
    0.0,
    0.0,
    0.0,
    0.0,
    1.56,
    0.0,
    0.0,
    0.0,
    0.0
  ],
  "(12, 1, 2, 13, 1, 2, 39, 1, 3, 30, 60, 1)": [
    1.08,
    0.0,
    0.0,
    0.0,
    0.0,
    0.0,
    0.0,
    0.0,
    0.0,
    0.0
  ],
  "(12, 0, 2, 13, 1, 2, 39, 1, 3, 30, 60, 1)": [
    0.0,
    0.0,
    0.0,
    0.0,
    0.0,
    0.0,
    1.08,
    0.0,
    0.0,
    0.0
  ],
  "(12, 0, 2, 13, 1, 2, 39, 1, 3, 35, 60, 1)": [
    2.9796,
    0.0,
    0.0,
    0.0,
    0.0,
    0.0,
    0.0,
    0.0,
    0.0,
    0.0
  ],
  "(12, 1, 2, 13, 1, 2, 39, 1, 3, 35, 60, 1)": [
    0.0,
    1.08,
    0.0,
    0.0,
    0.0,
    0.0,
    0.0,
    0.0,
    0.0,
    1.56
  ],
  "(12, 1, 2, 13, 1, 2, 39, 1, 3, 35, 55, 1)": [
    1.08,
    0.0,
    0.0,
    0.0,
    0.0,
    0.0,
    0.0,
    0.0,
    0.0,
    0.0
  ],
  "(12, 0, 2, 13, 1, 2, 39, 1, 3, 35, 55, 1)": [
    0.0,
    0.0,
    0.0,
    0.0,
    0.0,
    0.0,
    0.0,
    0.0,
    1.8756000000000002,
    0.0
  ],
  "(12, 1, 2, 13, 0, 2, 39, 1, 3, 35, 60, 1)": [
    0.0,
    0.0,
    1.38,
    0.0,
    0.0,
    0.0,
    0.0,
    0.0,
    0.0,
    0.0
  ],
  "(12, 1, 2, 13, 0, 2, 39, 0, 3, 35, 60, 1)": [
    0.8999999999999999,
    0.0,
    0.0,
    0.0,
    0.0,
    0.0,
    0.0,
    0.0,
    0.0,
    0.0
  ],
  "(12, 0, 2, 13, 0, 2, 39, 0, 3, 35, 60, 1)": [
    0.0,
    0.0,
    0.0,
    0.0,
    0.0,
    0.0,
    0.8999999999999999,
    0.0,
    0.0,
    0.0
  ],
  "(12, 0, 2, 13, 0, 2, 39, 0, 3, 40, 60, 1)": [
    1.38,
    0.0,
    0.0,
    0.0,
    0.0,
    0.0,
    0.0,
    0.0,
    0.0,
    0.0
  ],
  "(12, 1, 2, 13, 0, 2, 39, 0, 3, 40, 60, 1)": [
    0.0,
    0.0,
    1.08,
    0.0,
    0.0,
    0.0,
    0.0,
    0.0,
    0.0,
    0.0
  ],
  "(12, 1, 2, 13, 0, 2, 39, 1, 3, 40, 60, 1)": [
    0.6,
    0.0,
    0.0,
    0.0,
    0.0,
    0.0,
    0.0,
    0.0,
    0.0,
    0.0
  ],
  "(12, 0, 2, 13, 0, 2, 39, 1, 3, 40, 60, 1)": [
    0.0,
    0.0,
    0.0,
    0.0,
    0.0,
    0.0,
    0.0,
    0.0,
    0.0,
    0.6
  ],
  "(12, 0, 2, 13, 0, 2, 39, 1, 3, 40, 55, 1)": [
    0.0,
    0.0,
    0.0,
    0.0,
    0.0,
    0.0,
    0.0,
    0.0,
    0.0,
    0.6
  ],
  "(12, 0, 2, 13, 0, 2, 39, 1, 3, 40, 50, 1)": [
    3.0062523707999995,
    0.0,
    0.0,
    0.0,
    0.0,
    0.0,
    0.0,
    0.0,
    0.0,
    0.0
  ],
  "(12, 1, 2, 13, 0, 2, 39, 1, 3, 40, 50, 1)": [
    2.1307630799999995,
    0.0,
    0.0,
    0.0,
    1.08,
    0.0,
    0.0,
    0.0,
    0.0,
    0.0
  ],
  "(12, 1, 2, 13, 0, 3, 39, 1, 3, 40, 50, 1)": [
    0.0,
    1.68,
    0.0,
    0.0,
    0.0,
    0.0,
    0.0,
    0.0,
    0.0,
    0.0
  ],
  "(12, 1, 2, 13, 1, 3, 39, 1, 3, 40, 50, 1)": [
    1.2,
    0.0,
    0.0,
    1.7999999999999998,
    0.0,
    0.0,
    0.0,
    0.0,
    0.0,
    0.0
  ],
  "(12, 0, 2, 13, 1, 3, 39, 1, 3, 40, 50, 1)": [
    2.292,
    0.0,
    0.0,
    0.0,
    0.0,
    0.0,
    0.0,
    0.0,
    0.0,
    0.0
  ],
  "(12, 1, 3, 13, 1, 3, 39, 1, 3, 40, 50, 1)": [
    4.531018211999999,
    0.0,
    0.0,
    0.0,
    0.0,
    0.0,
    0.0,
    0.0,
    0.0,
    0.0
  ],
  "(12, 0, 3, 13, 1, 3, 39, 1, 3, 40, 50, 1)": [
    4.248961199999999,
    0.0,
    0.0,
    0.0,
    0.96,
    0.0,
    0.0,
    0.0,
    0.0,
    0.0
  ],
  "(12, 0, 3, 13, 1, 0, 39, 1, 3, 40, 50, 1)": [
    4.440425295599999,
    0.0,
    0.0,
    0.0,
    0.0,
    0.0,
    0.0,
    0.0,
    0.0,
    0.0
  ],
  "(12, 1, 3, 13, 1, 0, 39, 1, 3, 40, 50, 1)": [
    3.2327115599999994,
    0.0,
    0.0,
    0.0,
    0.0,
    0.0,
    1.56,
    0.0,
    0.0,
    0.0
  ],
  "(12, 1, 3, 13, 1, 0, 39, 1, 3, 45, 50, 1)": [
    6.340043424903577,
    0.0,
    0.0,
    1.32,
    1.5,
    0.0,
    0.0,
    0.0,
    0.0,
    0.0
  ],
  "(12, 0, 3, 13, 1, 0, 39, 1, 3, 45, 50, 1)": [
    7.350138881474785,
    0.0,
    0.0,
    0.0,
    0.0,
    0.0,
    0.0,
    0.0,
    0.0,
    0.0
  ],
  "(12, 1, 3, 13, 1, 1, 39, 1, 3, 45, 50, 1)": [
    4.7131141736709,
    0.0,
    0.0,
    0.0,
    0.0,
    0.0,
    0.0,
    0.0,
    0.0,
    0.0
  ],
  "(12, 0, 3, 13, 1, 1, 39, 1, 3, 45, 50, 1)": [
    4.68778362759,
    0.0,
    0.0,
    0.0,
    1.08,
    0.0,
    0.0,
    0.0,
    0.0,
    0.0
  ],
  "(12, 0, 3, 13, 1, 2, 39, 1, 3, 45, 50, 1)": [
    7.300488194217401,
    0.0,
    0.0,
    0.0,
    1.2,
    0.0,
    0.0,
    0.0,
    0.0,
    0.0
  ],
  "(12, 1, 3, 13, 1, 2, 39, 1, 3, 45, 50, 1)": [
    7.283557363844545,
    0.0,
    0.0,
    0.0,
    0.0,
    0.0,
    0.0,
    0.0,
    0.0,
    0.0
  ],
  "(12, 0, 3, 13, 1, 3, 39, 1, 3, 45, 50, 1)": [
    0.0,
    0.0,
    0.0,
    0.0,
    2.7951742896,
    0.0,
    0.0,
    0.0,
    0.0,
    0.0
  ],
  "(12, 1, 0, 13, 1, 0, 39, 1, 3, 45, 50, 1)": [
    0.96,
    0.0,
    0.0,
    0.0,
    0.0,
    0.0,
    0.0,
    1.32,
    0.0,
    0.0
  ],
  "(12, 0, 0, 13, 1, 0, 39, 1, 3, 45, 50, 1)": [
    1.8095999999999999,
    0.0,
    0.0,
    0.0,
    0.0,
    0.0,
    0.0,
    0.0,
    0.0,
    0.0
  ],
  "(12, 1, 0, 13, 1, 0, 39, 1, 3, 40, 50, 1)": [
    0.96,
    0.0,
    0.0,
    0.0,
    0.0,
    0.0,
    0.0,
    0.0,
    0.0,
    0.0
  ],
  "(12, 0, 0, 13, 1, 0, 39, 1, 3, 40, 50, 1)": [
    0.0,
    0.0,
    1.26,
    0.0,
    0.0,
    0.0,
    0.0,
    0.0,
    0.0,
    0.0
  ],
  "(12, 0, 0, 13, 1, 0, 39, 0, 3, 40, 50, 1)": [
    1.62,
    0.0,
    0.0,
    0.0,
    0.0,
    0.0,
    0.0,
    0.0,
    0.0,
    0.0
  ],
  "(12, 1, 0, 13, 1, 0, 39, 0, 3, 40, 50, 1)": [
    0.0,
    0.0,
    0.0,
    0.0,
    0.0,
    0.0,
    0.0,
    0.0,
    1.62,
    0.0
  ],
  "(12, 1, 0, 13, 1, 0, 39, 0, 3, 40, 55, 1)": [
    1.26,
    0.0,
    0.0,
    0.0,
    0.0,
    0.0,
    0.0,
    0.0,
    0.0,
    0.0
  ],
  "(12, 0, 0, 13, 1, 0, 39, 0, 3, 40, 55, 1)": [
    0.0,
    0.0,
    0.0,
    1.26,
    0.0,
    0.0,
    0.0,
    0.0,
    0.0,
    0.0
  ],
  "(12, 0, 1, 13, 1, 0, 39, 0, 3, 40, 55, 1)": [
    1.56,
    0.0,
    0.0,
    0.0,
    0.0,
    0.0,
    0.0,
    0.0,
    0.0,
    0.0
  ],
  "(12, 1, 1, 13, 1, 0, 39, 0, 3, 40, 55, 1)": [
    0.0,
    0.0,
    0.0,
    0.0,
    0.0,
    0.0,
    0.0,
    1.56,
    0.0,
    0.0
  ],
  "(12, 1, 1, 13, 1, 0, 39, 0, 3, 35, 55, 1)": [
    1.26,
    0.0,
    0.0,
    0.0,
    0.0,
    0.0,
    0.0,
    0.0,
    0.0,
    0.0
  ],
  "(12, 0, 1, 13, 1, 0, 39, 0, 3, 35, 55, 1)": [
    2.2026,
    0.0,
    0.0,
    0.0,
    0.0,
    0.0,
    0.0,
    0.0,
    0.0,
    0.0
  ]
}