{
  "(12, 1, 1, 13, 1, 1, 39, 1, 1, 1, 1, 1)": [
    0.80403,
    0.0,
    0.0,
    0.0,
    0.0,
    0.78,
    0.0,
    0.0,
    0.0,
    0.0
  ],
  "(12, 0, 1, 13, 1, 1, 39, 1, 1, 1, 1, 1)": [
    1.3112553,
    0.0,
    0.0,
    0.0,
    0.0,
    0.0,
    0.0,
    0.0,
    0.0,
    0.0
  ],
  "(12, 1, 1, 13, 1, 1, 39, 1, 2, 1, 1, 1)": [
    0.0,
    0.0,
    0.0,
    0.0,
    0.96,
    0.0,
    0.78,
    3.2583880758,
    0.0,
    0.0
  ],
  "(12, 1, 1, 13, 1, 1, 39, 1, 2, 6, 1, 1)": [
    0.48,
    0.0,
    0.0,
    0.0,
    0.0,
    0.0,
    0.0,
    0.0,
    0.0,
    0.0
  ],
  "(12, 0, 1, 13, 1, 1, 39, 1, 2, 6, 1, 1)": [
    0.0,
    0.0,
    0.0,
    0.0,
    0.0,
    0.0,
    0.0,
    0.48,
    0.0,
    0.0
  ],
  "(12, 0, 1, 13, 1, 1, 39, 1, 2, 1, 1, 1)": [
    1.5397979999999998,
    0.0,
    0.0,
    0.0,
    0.0,
    0.0,
    0.0,
    0.0,
    0.0,
    0.0
  ],
  "(12, 1, 1, 13, 1, 2, 39, 1, 2, 1, 1, 1)": [
    0.0,
    0.0,
    0.0,
    0.0,
    1.08,
    0.0,
    0.0,
    0.0,
    0.0,
    0.0
  ],
  "(12, 1, 1, 13, 1, 3, 39, 1, 2, 1, 1, 1)": [
    0.78,
    0.0,
    0.0,
    0.0,
    0.0,
    0.0,
    0.0,
    0.0,
    0.0,
    0.0
  ],
  "(12, 0, 1, 13, 1, 3, 39, 1, 2, 1, 1, 1)": [
    0.0,
    0.0,
    0.0,
    0.0,
    0.0,
    0.8999999999999999,
    0.0,
    0.0,
    0.0,
    0.0
  ],
  "(12, 0, 1, 13, 1, 3, 39, 1, 3, 1, 1, 1)": [
    1.2,
    0.0,
    0.0,
    0.0,
    0.0,
    0.0,
    0.0,
    0.0,
    0.0,
    0.0
  ],
  "(12, 1, 1, 13, 1, 3, 39, 1, 3, 1, 1, 1)": [
    0.0,
    0.6,
    0.0,
    0.0,
    0.0,
    0.0,
    0.0,
    0.0,
    0.0,
    0.0
  ],
  "(12, 1, 1, 13, 0, 3, 39, 1, 3, 1, 1, 1)": [
    2.8219346193003054,
    0.0,
    0.0,
    0.0,
    0.6,
    0.0,
    0.0,
    0.0,
    0.0,
    0.0
  ],
  "(12, 0, 1, 13, 0, 3, 39, 1, 3, 1, 1, 1)": [
    3.2206042128913133,
    0.0,
    0.0,
    0.0,
    0.0,
    0.0,
    0.3,
    0.0,
    0.0,
    0.0
  ],
  "(12, 0, 1, 13, 0, 3, 39, 1, 3, 6, 1, 1)": [
    1.14906,
    0.0,
    0.0,
    0.0,
    0.0,
    0.0,
    0.0,
    0.0,
    0.0,
    0.0
  ],
  "(12, 1, 1, 13, 0, 3, 39, 1, 3, 6, 1, 1)": [
    0.606,
    0.0,
    0.0,
    0.0,
    0.0,
    0.0,
    0.0,
    1.4798813609041528,
    0.0,
    0.0
  ],
  "(12, 1, 1, 13, 0, 0, 39, 1, 3, 1, 1, 1)": [
    0.3,
    0.0,
    0.0,
    0.0,
    0.0,
    0.0,
    0.0,
    0.0,
    0.0,
    0.0
  ],
  "(12, 0, 1, 13, 0, 0, 39, 1, 3, 1, 1, 1)": [
    0.0,
    0.66,
    0.0,
    0.0,
    0.0,
    0.0,
    1.032291058557663,
    0.0,
    0.0,
    2.035279606272975
  ],
  "(12, 0, 1, 13, 0, 0, 39, 1, 3, 6, 1, 1)": [
    0.0,
    0.0,
    0.0,
    0.0,
    0.0,
    0.0,
    0.0,
    1.7527476210010557,
    0.0,
    0.0
  ],
  "(12, 0, 1, 13, 1, 0, 39, 1, 3, 1, 1, 1)": [
    3.15531110544,
    0.0,
    0.0,
    0.0,
    0.0,
    0.0,
    0.66,
    0.0,
    0.0,
    0.0
  ],
  "(12, 1, 1, 13, 1, 0, 39, 1, 3, 1, 1, 1)": [
    3.1109250477744004,
    0.0,
    0.36,
    0.0,
    0.0,
    0.0,
    0.0,
    0.0,
    0.0,
    0.0
  ],
  "(12, 1, 1, 13, 1, 0, 39, 0, 3, 1, 1, 1)": [
    1.0551528286827563,
    0.0,
    0.0,
    0.0,
    0.0,
    0.0,
    0.0,
    0.0,
    0.0,
    0.0
  ],
  "(12, 0, 1, 13, 1, 0, 39, 0, 3, 1, 1, 1)": [
    1.2484374729554324,
    0.0,
    2.090706462696,
    0.0,
    0.0,
    0.0,
    0.0,
    0.0,
    0.0,
    0.0
  ],
  "(12, 0, 1, 13, 1, 0, 39, 1, 3, 6, 1, 1)": [
    1.930296,
    0.0,
    0.0,
    0.0,
    0.0,
    0.0,
    0.0,
    0.0,
    0.0,
    0.0
  ],
  "(12, 1, 1, 13, 1, 0, 39, 1, 3, 6, 1, 1)": [
    1.1496,
    0.0,
    0.0,
    1.14,
    0.0,
    0.0,
    0.0,
    0.0,
    0.0,
    0.0
  ],
  "(12, 1, 2, 13, 1, 0, 39, 1, 3, 6, 1, 1)": [
    0.66,
    0.0,
    0.0,
    0.0,
    0.0,
    0.0,
    1.14,
    0.0,
    0.0,
    0.0
  ],
  "(12, 0, 2, 13, 1, 0, 39, 1, 3, 6, 1, 1)": [
    1.4766,
    0.0,
    0.0,
    0.0,
    0.0,
    0.0,
    0.0,
    0.0,
    0.0,
    0.0
  ],
  "(12, 1, 2, 13, 1, 0, 39, 1, 3, 11, 1, 1)": [
    4.282856394801656,
    0.0,
    0.0,
    1.26,
    0.0,
    0.0,
    0.0,
    0.0,
    0.0,
    0.0
  ],
  "(12, 0, 2, 13, 1, 0, 39, 1, 3, 11, 1, 1)": [
    5.062035413785387,
    0.0,
    0.0,
    0.0,
    0.0,
    0.0,
    0.0,
    0.0,
    0.0,
    0.0
  ],
  "(12, 1, 3, 13, 1, 0, 39, 1, 3, 11, 1, 1)": [
    0.66,
    0.0,
    0.0,
    0.0,
    0.0,
    0.0,
    0.0,
    0.0,
    0.0,
    0.0
  ],
  "(12, 0, 3, 13, 1, 0, 39, 1, 3, 11, 1, 1)": [
    0.0,
    0.0,
    0.0,
    0.0,
    0.6,
    0.0,
    0.0,
    0.0,
    0.0,
    0.0
  ],
  "(12, 0, 3, 13, 1, 1, 39, 1, 3, 11, 1, 1)": [
    0.0,
    0.0,
    0.0,
    0.0,
    0.0,
    0.0,
    0.0,
    0.0,
    0.0,
    1.146
  ]
}