{
  "(12, 1, 0, 13, 1, 0, 39, 1, 0, 300, 120, 1)": [
    2.753888773732422,
    0.0,
    0.55,
    0.0,
    0.0,
    0.0,
    1.68924994817959,
    0.0,
    0.0,
    0.0
  ],
  "(12, 0, 0, 13, 1, 0, 39, 1, 0, 300, 120, 1)": [
    2.8888754645663086,
    0.0,
    0.0,
    0.0,
    0.0,
    0.0,
    0.0,
    0.0,
    0.0,
    0.0
  ],
  "(12, 1, 0, 13, 1, 0, 39, 0, 0, 300, 120, 1)": [
    4.887363520599937,
    0.0,
    0.0,
    0.0,
    0.0,
    0.0,
    0.0,
    0.0,
    0.0,
    0.0
  ],
  "(12, 0, 0, 13, 1, 0, 39, 0, 0, 300, 120, 1)": [
    4.5378769737442965,
    0.0,
    0.0,
    0.0,
    0.0,
    0.65,
    0.0,
    0.0,
    0.0,
    0.0
  ],
  "(12, 0, 0, 13, 1, 0, 39, 0, 1, 300, 120, 1)": [
    1.228875,
    0.0,
    0.0,
    0.0,
    0.0,
    0.0,
    0.0,
    0.0,
    0.0,
    0.0
  ],
  "(12, 1, 0, 13, 1, 0, 39, 0, 1, 300, 120, 1)": [
    0.8975000000000001,
    0.0,
    0.0,
    0.0,
    0.0,
    0.0,
    6.100756200433,
    0.0,
    0.55,
    0.0
  ],
  "(12, 1, 0, 13, 1, 0, 39, 0, 1, 300, 125, 1)": [
    3.2917091952207036,
    0.0,
    0.0,
    0.0,
    0.0,
    0.0,
    0.0,
    0.55,
    0.0,
    0.0
  ],
  "(12, 0, 0, 13, 1, 0, 39, 0, 1, 300, 125, 1)": [
    3.474797708493848,
    0.0,
    0.0,
    0.0,
    0.0,
    0.0,
    0.0,
    0.0,
    0.0,
    0.0
  ],
  "(12, 1, 0, 13, 1, 0, 39, 0, 1, 295, 125, 1)": [
    6.572484376242009,
    0.0,
    0.0,
    0.0,
    0.0,
    0.0,
    0.0,
    0.0,
    0.0,
    0.0
  ],
  "(12, 0, 0, 13, 1, 0, 39, 0, 1, 295, 125, 1)": [
    6.2804456239021915,
    0.0,
    0.0,
    0.0,
    0.0,
    0.0,
    0.0,
    0.0,
    0.0,
    0.65
  ],
  "(12, 0, 0, 13, 1, 0, 39, 0, 1, 295, 120, 1)": [
    2.5543171804687503,
    0.0,
    0.0,
    0.0,
    0.0,
    0.0,
    0.0,
    0.0,
    0.0,
    0.0
  ],
  "(12, 1, 0, 13, 1, 0, 39, 0, 1, 295, 120, 1)": [
    2.334346859375,
    0.65,
    0.0,
    0.0,
    0.0,
    0.0,
    0.0,
    0.0,
    0.0,
    0.0
  ],
  "(12, 1, 0, 13, 0, 0, 39, 0, 1, 295, 120, 1)": [
    3.8295296167089843,
    0.0,
    0.0,
    0.0,
    0.0,
    0.0,
    0.0,
    0.0,
    0.0,
    0.0
  ],
  "(12, 0, 0, 13, 0, 0, 39, 0, 1, 295, 120, 1)": [
    4.060719952421387,
    0.0,
    0.0,
    0.0,
    0.0,
    0.0,
    0.0,
    0.0,
    0.0,
    0.0
  ]
}