{
  "(12, 1, 1, 13, 1, 2, 39, 1, 2, 30, 60, 1)": [
    12.966124461184707,
    0.0,
    1.4,
    0.0,
    0.0,
    0.0,
    0.0,
    0.0,
    0.0,
    0.0
  ],
  "(12, 0, 1, 13, 1, 2, 39, 1, 2, 30, 60, 1)": [
    13.703963979494764,
    0.0,
    0.0,
    0.0,
    0.0,
    0.0,
    0.0,
    0.0,
    0.0,
    0.0
  ],
  "(12, 1, 1, 13, 1, 2, 39, 0, 2, 30, 60, 1)": [
    0.0,
    0.0,
    0.0,
    0.0,
    0.0,
    0.0,
    0.0,
    0.0,
    0.0,
    18.84148247296717
  ],
  "(12, 1, 1, 13, 1, 2, 39, 0, 2, 30, 55, 1)": [
    4.958970981117169,
    0.0,
    0.0,
    0.0,
    0.0,
    0.0,
    0.0,
    0.0,
    18.52933997361865,
    1.4
  ],
  "(12, 0, 1, 13, 1, 2, 39, 0, 2, 30, 55, 1)": [
    12.720114682531403,
    0.0,
    0.0,
    0.0,
    0.0,
    0.0,
    0.0,
    0.0,
    0.0,
    0.0
  ],
  "(12, 1, 1, 13, 1, 2, 39, 0, 2, 30, 50, 1)": [
    12.877888969232993,
    0.0,
    0.0,
    0.0,
    0.0,
    0.0,
    0.0,
    0.0,
    0.0,
    0.0
  ],
  "(12, 0, 1, 13, 1, 2, 39, 0, 2, 30, 50, 1)": [
    12.715340856214116,
    0.0,
    0.0,
    0.0,
    0.0,
    1.15,
    0.0,
    0.0,
    0.0,
    0.0
  ],
  "(12, 0, 1, 13, 1, 2, 39, 0, 3, 30, 50, 1)": [
    7.019177039703124,
    0.0,
    0.0,
    0.0,
    0.0,
    0.0,
    0.0,
    0.0,
    0.0,
    0.0
  ],
  "(12, 1, 1, 13, 1, 2, 39, 0, 3, 30, 50, 1)": [
    6.1200791090625,
    0.0,
    0.0,
    0.0,
    0.0,
    0.0,
    0.0,
    0.0,
    1.4,
    0.0
  ],
  "(12, 1, 1, 13, 1, 2, 39, 0, 3, 30, 55, 1)": [
    2.5878750000000004,
    0.0,
    0.0,
    0.0,
    0.0,
    0.0,
    0.0,
    1.4,
    0.0,
    0.0
  ],
  "(12, 0, 1, 13, 1, 2, 39, 0, 3, 30, 55, 1)": [
    3.5232937500000006,
    0.0,
    0.0,
    0.0,
    0.0,
    0.0,
    0.0,
    0.0,
    0.0,
    0.0
  ],
  "(12, 1, 1, 13, 1, 2, 39, 0, 3, 25, 55, 1)": [
    2.5878750000000004,
    0.0,
    0.0,
    0.0,
    0.0,
    0.0,
    0.0,
    0.0,
    0.0,
    0.0
  ],
  "(12, 0, 1, 13, 1, 2, 39, 0, 3, 25, 55, 1)": [
    3.5232937500000006,
    0.0,
    0.0,
    0.0,
    0.0,
    0.0,
    0.0,
    0.0,
    0.0,
    0.0
  ]
}