{
  "(12, 1, 1, 13, 1, 1, 39, 1, 1, 1, 1, 1)": [
    4.142989671649464,
    0.0,
    0.0,
    0.65,
    0.0,
    0.0,
    0.0,
    0.0,
    0.0,
    2.263722533053902
  ],
  "(12, 0, 1, 13, 1, 1, 39, 1, 1, 1, 1, 1)": [
    4.512454205860303,
    0.0,
    0.0,
    0.0,
    0.0,
    0.0,
    0.0,
    0.0,
    0.0,
    0.0
  ],
  "(12, 1, 2, 13, 1, 1, 39, 1, 1, 1, 1, 1)": [
    1.7032694882812502,
    0.0,
    0.0,
    0.0,
    0.0,
    0.0,
    0.0,
    0.0,
    0.0,
    0.0
  ],
  "(12, 0, 2, 13, 1, 1, 39, 1, 1, 1, 1, 1)": [
    1.8755485156250002,
    0.0,
    0.0,
    0.0,
    0.0,
    0.0,
    0.0,
    0.0,
    0.0,
    0.0
  ],
  "(12, 0, 2, 13, 0, 1, 39, 1, 1, 1, 1, 1)": [
    1.1347302562500001,
    0.0,
    0.0,
    0.0,
    0.0,
    0.0,
    0.0,
    0.0,
    0.0,
    0.0
  ],
  "(12, 1, 2, 13, 0, 1, 39, 1, 1, 1, 1, 1)": [
    0.8164941778125001,
    0.0,
    0.0,
    0.0,
    0.0,
    0.0,
    0.0,
    0.0,
    0.0,
    0.0
  ],
  "(12, 0, 2, 13, 0, 1, 39, 1, 1, 6, 1, 1)": [
    1.1347302562500001,
    0.0,
    0.0,
    0.0,
    0.0,
    0.0,
    0.0,
    0.0,
    0.0,
    0.0
  ],
  "(12, 1, 2, 13, 0, 1, 39, 1, 1, 6, 1, 1)": [
    0.6117311250000002,
    0.0,
    0.0,
    0.0,
    0.0,
    0.55,
    0.0,
    0.0,
    0.0,
    0.0
  ],
  "(12, 1, 2, 13, 0, 1, 39, 1, 2, 6, 1, 1)": [
    0.0,
    0.0,
    0.15,
    0.0,
    0.0,
    0.0,
    0.0,
    0.0,
    0.0,
    0.0
  ],
  "(12, 1, 2, 13, 0, 1, 39, 0, 2, 6, 1, 1)": [
    -0.25,
    0.4,
    0.0,
    0.0,
    0.0,
    0.0,
    0.0,
    0.0,
    0.0,
    0.0
  ],
  "(12, 0, 2, 13, 0, 1, 39, 0, 2, 6, 1, 1)": [
    0.15,
    0.0,
    0.0,
    0.0,
    0.0,
    0.0,
    0.0,
    0.0,
    0.0,
    0.0
  ],
  "(12, 1, 2, 13, 1, 1, 39, 0, 2, 6, 1, 1)": [
    0.3964500000000001,
    0.0,
    0.0,
    0.0,
    0.0,
    0.0,
    0.0,
    0.0,
    0.0,
    0.0
  ],
  "(12, 0, 2, 13, 1, 1, 39, 0, 2, 6, 1, 1)": [
    0.681,
    0.0,
    0.0,
    0.0,
    0.0,
    0.0,
    0.0,
    0.0,
    0.0,
    0.0
  ],
  "(12, 0, 2, 13, 1, 1, 39, 0, 2, 11, 1, 1)": [
    2.7725419696215488,
    0.0,
    0.0,
    0.0,
    0.0,
    0.0,
    0.0,
    0.0,
    0.0,
    1.0292470276428451
  ],
  "(12, 1, 2, 13, 1, 1, 39, 0, 2, 11, 1, 1)": [
    2.3992129917706517,
    0.0,
    0.0,
    0.0,
    0.0,
    0.0,
    0.0,
    0.0,
    0.0,
    0.0
  ],
  "(12, 0, 2, 13, 1, 1, 39, 0, 2, 16, 1, 1)": [
    0.681,
    0.0,
    0.0,
    0.0,
    0.0,
    0.0,
    0.0,
    0.0,
    0.0,
    0.0
  ],
  "(12, 1, 2, 13, 1, 1, 39, 0, 2, 16, 1, 1)": [
    0.18000000000000002,
    0.0,
    0.0,
    0.0,
    0.0,
    0.0,
    0.0,
    1.2682989955366617,
    0.0,
    0.0
  ]
}