{
  "(12, 1, 0, 13, 1, 0, 39, 1, 0, 300, 120, 2)": [
    0.35,
    0.0,
    0.0,
    0.0,
    0.0,
    0.0,
    4.485522517376953,
    0.0,
    0.0,
    0.65
  ],
  "(12, 0, 0, 13, 1, 0, 39, 1, 0, 300, 120, 2)": [
    0.8075,
    0.0,
    0.0,
    0.0,
    0.0,
    0.0,
    0.0,
    0.0,
    0.0,
    0.0
  ],
  "(12, 1, 0, 13, 1, 0, 39, 1, 0, 300, 115, 2)": [
    0.35,
    0.0,
    0.0,
    0.0,
    0.0,
    0.6,
    0.0,
    0.0,
    0.0,
    0.0
  ],
  "(12, 0, 0, 13, 1, 0, 39, 1, 0, 300, 115, 2)": [
    0.8075,
    0.0,
    0.0,
    0.0,
    0.0,
    0.0,
    0.0,
    0.0,
    0.0,
    0.0
  ],
  "(12, 1, 0, 13, 1, 0, 39, 1, 1, 300, 115, 2)": [
    2.225831897824219,
    0.3,
    0.0,
    0.0,
    0.0,
    0.0,
    0.0,
    0.0,
    0.0,
    0.0
  ],
  "(12, 0, 0, 13, 1, 0, 39, 1, 1, 300, 115, 2)": [
    2.758857362888086,
    0.0,
    0.0,
    0.0,
    0.0,
    0.0,
    0.0,
    0.0,
    0.3,
    0.0
  ],
  "(12, 0, 0, 13, 1, 0, 39, 1, 1, 300, 120, 2)": [
    0.6,
    0.0,
    0.0,
    0.0,
    0.0,
    0.0,
    0.0,
    0.0,
    0.0,
    1.341509707980469
  ],
  "(12, 1, 0, 13, 1, 0, 39, 1, 1, 300, 120, 2)": [
    0.5700000000000001,
    0.0,
    0.0,
    0.0,
    0.0,
    0.0,
    0.0,
    0.0,
    0.0,
    0.0
  ],
  "(12, 1, 0, 13, 0, 0, 39, 1, 1, 300, 115, 2)": [
    0.135,
    0.0,
    0.0,
    0.0,
    0.0,
    0.0,
    0.0,
    0.0,
    0.0,
    0.0
  ],
  "(12, 0, 0, 13, 0, 0, 39, 1, 1, 300, 115, 2)": [
    0.3,
    0.0,
    0.0,
    0.0,
    0.0,
    0.0,
    0.0,
    0.0,
    0.0,
    0.0
  ],
  "(12, 0, 0, 13, 0, 0, 39, 1, 1, 295, 115, 2)": [
    0.3,
    0.0,
    0.0,
    0.0,
    0.0,
    0.0,
    0.0,
    0.0,
    0.0,
    0.0
  ],
  "(12, 1, 0, 13, 0, 0, 39, 1, 1, 295, 115, 2)": [
    0.135,
    0.0,
    0.0,
    0.0,
    0.0,
    0.0,
    0.0,
    0.0,
    0.0,
    0.0
  ],
  "(12, 0, 0, 13, 0, 0, 39, 1, 1, 295, 110, 2)": [
    1.1410495608574514,
    0.0,
    0.0,
    0.0,
    0.0,
    0.0,
    0.0,
    0.0,
    0.0,
    0.0
  ],
  "(12, 1, 0, 13, 0, 0, 39, 1, 1, 295, 110, 2)": [
    0.7566761006771485,
    0.0,
    0.0,
    0.0,
    0.0,
    0.0,
    0.0,
    0.3,
    0.0,
    0.0
  ],
  "(12, 1, 0, 13, 0, 0, 39, 1, 1, 290, 110, 2)": [
    0.0,
    0.0,
    0.0,
    0.0,
    0.0,
    0.45,
    0.0,
    0.0,
    0.0,
    0.0
  ],
  "(12, 0, 0, 13, 0, 0, 39, 1, 1, 290, 110, 2)": [
    0.3,
    0.0,
    0.0,
    0.0,
    0.0,
    0.0,
    0.0,
    0.0,
    0.0,
    0.0
  ],
  "(12, 1, 0, 13, 0, 0, 39, 1, 2, 290, 110, 2)": [
    0.45787500000000003,
    0.0,
    0.0,
    0.0,
    0.0,
    0.0,
    0.0,
    0.0,
    0.0,
    0.0
  ],
  "(12, 0, 0, 13, 0, 0, 39, 1, 2, 290, 110, 2)": [
    0.5175000000000001,
    0.0,
    0.0,
    0.0,
    0.0,
    0.25,
    0.15,
    0.0,
    0.0,
    0.0
  ],
  "(12, 0, 0, 13, 0, 0, 39, 1, 2, 295, 110, 2)": [
    1.1824340625,
    0.0,
    0.0,
    0.0,
    0.0,
    0.0,
    0.0,
    0.382875,
    0.0,
    0.0
  ],
  "(12, 1, 0, 13, 0, 0, 39, 1, 2, 295, 110, 2)": [
    1.032785953125,
    0.0,
    0.0,
    0.0,
    0.0,
    0.0,
    0.0,
    0.0,
    0.0,
    0.0
  ],
  "(12, 0, 0, 13, 0, 0, 39, 1, 3, 290, 110, 2)": [
    1.0488750000000002,
    0.0,
    -0.25,
    0.0,
    0.0,
    0.0,
    0.0,
    0.0,
    0.0,
    0.0
  ],
  "(12, 1, 0, 13, 0, 0, 39, 1, 3, 290, 110, 2)": [
    0.9707437500000001,
    0.0,
    0.0,
    0.0,
    0.0,
    0.0,
    0.0,
    0.0,
    0.0,
    0.0
  ],
  "(12, 0, 0, 13, 0, 0, 39, 0, 3, 290, 110, 2)": [
    0.0,
    0.0,
    0.0,
    0.0,
    0.0,
    0.0,
    0.0,
    -0.25,
    0.0,
    0.0
  ],
  "(12, 0, 0, 13, 0, 0, 39, 0, 3, 285, 110, 2)": [
    0.07500000000000001,
    0.0,
    0.0,
    0.0,
    0.0,
    0.0,
    0.0,
    0.0,
    0.0,
    0.0
  ],
  "(12, 1, 0, 13, 0, 0, 39, 0, 3, 285, 110, 2)": [
    -0.2275,
    0.35,
    0.0,
    0.0,
    0.0,
    0.0,
    0.0,
    0.0,
    0.0,
    0.0
  ],
  "(12, 1, 0, 13, 1, 0, 39, 0, 3, 285, 110, 2)": [
    0.24262500000000004,
    0.0,
    0.0,
    0.0,
    0.0,
    0.0,
    0.0,
    0.0,
    0.0,
    0.0
  ],
  "(12, 0, 0, 13, 1, 0, 39, 0, 3, 285, 110, 2)": [
    0.3725,
    0.0,
    0.0,
    0.0,
    0.0,
    0.0,
    0.0,
    0.0,
    0.0,
    0.05
  ],
  "(12, 0, 0, 13, 1, 0, 39, 0, 3, 285, 105, 2)": [
    0.35,
    0.0,
    0.0,
    0.0,
    0.0,
    0.0,
    0.0,
    0.0,
    0.0,
    0.0
  ],
  "(12, 1, 0, 13, 1, 0, 39, 0, 3, 285, 105, 2)": [
    0.20750000000000002,
    0.0,
    0.0,
    0.0,
    0.0,
    0.0,
    0.0,
    0.0,
    0.0,
    0.0
  ],
  "(12, 0, 0, 13, 1, 1, 39, 0, 3, 285, 105, 2)": [
    0.51075,
    0.0,
    0.0,
    0.0,
    0.0,
    0.0,
    0.0,
    0.0,
    0.0,
    0.0
  ],
  "(12, 1, 0, 13, 1, 1, 39, 0, 3, 285, 105, 2)": [
    0.135,
    0.0,
    0.0,
    0.0,
    0.45,
    0.0,
    0.0,
    0.0,
    0.0,
    0.0
  ],
  "(12, 1, 0, 13, 1, 2, 39, 0, 3, 285, 105, 2)": [
    1.419101265591797,
    0.0,
    0.0,
    0.0,
    0.0,
    0.0,
    0.0,
    0.0,
    0.0,
    0.0
  ],
  "(12, 0, 0, 13, 1, 2, 39, 0, 3, 285, 105, 2)": [
    1.5827568549609374,
    0.0,
    0.0,
    0.0,
    0.0,
    0.15,
    0.0,
    0.0,
    0.0,
    0.0
  ],
  "(12, 0, 0, 13, 1, 2, 39, 0, 0, 285, 105, 2)": [
    1.1824340625,
    0.0,
    0.0,
    0.0,
    0.0,
    0.0,
    0.0,
    0.0,
    0.0,
    0.0
  ],
  "(12, 1, 0, 13, 1, 2, 39, 0, 0, 285, 105, 2)": [
    1.032785953125,
    0.0,
    0.0,
    0.0,
    0.0,
    0.0,
    0.0,
    0.0,
    0.0,
    0.0
  ]
}