{
  "(12, 1, 1, 13, 1, 2, 39, 1, 2, 30, 60, 1)": [
    21.652474132009853,
    0.0,
    0.0,
    0.0,
    0.0,
    0.0,
    0.0,
    0.0,
    0.0,
    0.0
  ],
  "(12, 0, 1, 13, 1, 2, 39, 1, 2, 30, 60, 1)": [
    21.757645683254022,
    0.7955,
    0.0,
    0.0,
    0.0,
    0.0,
    0.0,
    0.0,
    1.1955,
    0.0
  ],
  "(12, 0, 1, 13, 1, 2, 39, 1, 2, 30, 65, 1)": [
    2.99893875,
    0.0,
    0.0,
    0.0,
    0.0,
    0.0,
    0.0,
    0.0,
    1.1955,
    0.0
  ],
  "(12, 1, 1, 13, 1, 2, 39, 1, 2, 30, 65, 1)": [
    3.4680099375,
    0.0,
    0.0,
    0.0,
    0.0,
    0.0,
    0.0,
    0.0,
    0.0,
    0.0
  ],
  "(12, 0, 1, 13, 1, 2, 39, 1, 2, 30, 70, 1)": [
    2.99893875,
    0.7955,
    0.0,
    0.0,
    0.0,
    0.0,
    0.0,
    0.0,
    0.0,
    0.0
  ],
  "(12, 1, 1, 13, 1, 2, 39, 1, 2, 30, 70, 1)": [
    3.4680099375,
    0.0,
    0.0,
    0.0,
    0.0,
    0.0,
    0.0,
    0.0,
    0.0,
    0.0
  ],
  "(12, 0, 1, 13, 0, 2, 39, 1, 2, 30, 70, 1)": [
    8.270581259106656,
    0.0,
    0.3955,
    0.0,
    0.0,
    0.0,
    0.0,
    0.0,
    0.0,
    0.0
  ],
  "(12, 1, 1, 13, 0, 2, 39, 1, 2, 30, 70, 1)": [
    8.345941682723845,
    0.0,
    0.0,
    0.0,
    0.0,
    0.0,
    0.0,
    0.0,
    0.0,
    0.0
  ],
  "(12, 0, 1, 13, 0, 2, 39, 0, 2, 30, 70, 1)": [
    5.23230366578953,
    0.0,
    0.0,
    0.0,
    0.0,
    0.0,
    0.0,
    0.0,
    0.3955,
    0.0
  ],
  "(12, 1, 1, 13, 0, 2, 39, 0, 2, 30, 70, 1)": [
    4.817896720955973,
    0.0,
    0.0,
    0.0,
    0.0,
    0.0,
    0.0,
    0.0,
    0.0,
    0.0
  ],
  "(12, 0, 1, 13, 0, 2, 39, 0, 2, 30, 75, 1)": [
    2.4360201008671876,
    0.0,
    0.0,
    0.0,
    0.0,
    0.0,
    0.0,
    0.0,
    0.0,
    0.0
  ],
  "(12, 1, 1, 13, 0, 2, 39, 0, 2, 30, 75, 1)": [
    1.8957459498437501,
    0.0,
    0.0,
    0.0,
    0.0,
    0.0,
    0.0,
    0.0,
    0.0,
    2.572953881547522
  ],
  "(12, 0, 1, 13, 0, 2, 39, 1, 2, 30, 60, 1)": [
    8.270581259106656,
    0.0,
    0.0,
    0.0,
    0.0,
    0.0,
    0.0,
    0.0,
    0.0,
    0.0
  ],
  "(12, 1, 1, 13, 0, 2, 39, 1, 2, 30, 60, 1)": [
    7.6573602322517,
    0.0,
    0.0,
    0.0,
    1.0455,
    0.0,
    0.0,
    0.0,
    0.0,
    0.0
  ],
  "(12, 1, 1, 13, 0, 3, 39, 1, 2, 30, 60, 1)": [
    2.863688534375,
    0.0,
    0.0,
    0.0,
    0.0,
    0.0,
    0.0,
    0.0,
    0.0,
    0.0
  ],
  "(12, 0, 1, 13, 0, 3, 39, 1, 2, 30, 60, 1)": [
    2.5684036875,
    0.0,
    0.0,
    0.0,
    0.0,
    0.0,
    0.0,
    0.0,
    0.0,
    0.7955
  ],
  "(12, 0, 1, 13, 0, 3, 39, 1, 2, 30, 55, 1)": [
    9.559178110325153,
    0.0,
    0.0,
    0.0,
    0.0,
    0.0,
    0.0,
    0.0,
    0.0,
    0.0
  ],
  "(12, 1, 1, 13, 0, 3, 39, 1, 2, 30, 55, 1)": [
    8.989879815412499,
    1.5455,
    0.0,
    0.0,
    0.0,
    0.0,
    0.0,
    0.0,
    0.0,
    0.0
  ],
  "(12, 1, 1, 13, 1, 3, 39, 1, 2, 30, 55, 1)": [
    15.266874814891933,
    0.0,
    0.0,
    0.0,
    0.0,
    0.0,
    0.0,
    0.0,
    0.0,
    0.0
  ],
  "(12, 0, 1, 13, 1, 3, 39, 1, 2, 30, 55, 1)": [
    15.086570166332006,
    0.0,
    0.0,
    1.2955,
    0.0,
    0.0,
    0.0,
    0.0,
    0.0,
    0.0
  ],
  "(12, 0, 2, 13, 1, 3, 39, 1, 2, 30, 55, 1)": [
    3.4695637500000003,
    0.0,
    0.0,
    0.0,
    0.0,
    0.0,
    0.0,
    0.0,
    1.2955,
    0.0
  ],
  "(12, 1, 2, 13, 1, 3, 39, 1, 2, 30, 55, 1)": [
    3.8860411875,
    0.0,
    0.0,
    0.0,
    0.0,
    0.0,
    0.0,
    0.0,
    0.0,
    0.0
  ],
  "(12, 0, 2, 13, 1, 3, 39, 1, 2, 30, 60, 1)": [
    11.0391469368044,
    0.0,
    0.0,
    0.0,
    0.0,
    0.0,
    0.0,
    0.0,
    0.0,
    0.0
  ],
  "(12, 1, 2, 13, 1, 3, 39, 1, 2, 30, 60, 1)": [
    9.967647197116982,
    0.0,
    0.0,
    0.0,
    0.0,
    0.0,
    0.0,
    0.0,
    0.0,
    0.0
  ]
}