{
  "(12, 1, 1, 13, 1, 1, 39, 1, 1, 1, 1, 1)": [
    0.25,
    0.0,
    0.25,
    0.0,
    0.0,
    0.0,
    0.0,
    0.0,
    0.0,
    0.0
  ],
  "(12, 0, 1, 13, 1, 1, 39, 1, 1, 1, 1, 1)": [
    0.6125,
    0.0,
    0.0,
    0.0,
    0.0,
    0.0,
    0.0,
    0.0,
    0.0,
    0.0
  ],
  "(12, 1, 1, 13, 1, 1, 39, 0, 1, 1, 1, 1)": [
    0.7431752939370228,
    0.0,
    0.0,
    0.0,
    0.0,
    0.0,
    0.0,
    0.0,
    0.25,
    0.0
  ],
  "(12, 0, 1, 13, 1, 1, 39, 0, 1, 1, 1, 1)": [
    1.0598661992955982,
    0.0,
    0.0,
    0.0,
    0.0,
    0.0,
    0.0,
    0.31914288457031253,
    0.0,
    0.0
  ],
  "(12, 1, 1, 13, 1, 1, 39, 0, 1, 1, 6, 1)": [
    0.24778125,
    0.0,
    0.0,
    0.0,
    0.0,
    0.0,
    0.0,
    0.0,
    0.0,
    0.0
  ],
  "(12, 0, 1, 13, 1, 1, 39, 0, 1, 1, 6, 1)": [
    0.42562500000000003,
    0.0,
    0.0,
    0.0,
    0.0,
    0.0,
    0.0,
    0.0,
    0.0,
    0.0
  ],
  "(12, 0, 1, 13, 1, 1, 39, 0, 1, 1, 11, 1)": [
    2.3909841227742983,
    0.0,
    0.0,
    0.0,
    0.0,
    0.0,
    0.0,
    0.0,
    0.0,
    0.0
  ],
  "(12, 1, 1, 13, 1, 1, 39, 0, 1, 1, 11, 1)": [
    2.1357559678435325,
    0.0,
    0.0,
    0.0,
    0.0,
    0.0,
    0.0,
    0.0,
    0.0,
    0.0
  ],
  "(12, 1, 1, 13, 0, 1, 39, 0, 1, 1, 11, 1)": [
    -0.25,
    1.0655386924810566,
    0.0,
    0.0,
    0.0,
    0.0,
    0.0,
    0.0,
    0.0,
    0.0
  ],
  "(12, 0, 1, 13, 0, 1, 39, 0, 1, 1, 11, 1)": [
    0.0,
    0.0,
    0.0,
    0.0,
    0.0,
    0.0,
    0.0,
    0.0,
    0.0,
    0.0
  ]
}