{
  "(12, 1, 1, 13, 1, 1, 39, 1, 1, 1, 1, 1)": [
    1.8548599148535156,
    0.0,
    0.25,
    0.0,
    0.0,
    0.65,
    0.0,
    0.0,
    0.5,
    0.0
  ],
  "(12, 0, 1, 13, 1, 1, 39, 1, 1, 1, 1, 1)": [
    2.2990478024067382,
    0.0,
    0.0,
    0.0,
    0.0,
    0.0,
    0.0,
    0.0,
    0.0,
    0.0
  ],
  "(12, 1, 1, 13, 1, 1, 39, 0, 1, 1, 1, 1)": [
    0.7431752939370228,
    0.0,
    0.0,
    0.0,
    0.0,
    0.0,
    0.0,
    0.0,
    0.25,
    0.0
  ],
  "(12, 0, 1, 13, 1, 1, 39, 0, 1, 1, 1, 1)": [
    1.0598661992955982,
    0.0,
    0.0,
    0.0,
    0.0,
    0.0,
    0.0,
    0.31914288457031253,
    0.0,
    0.0
  ],
  "(12, 1, 1, 13, 1, 1, 39, 0, 1, 1, 6, 1)": [
    1.8921652825767654,
    0.0,
    0.0,
    0.0,
    0.0,
    0.0,
    0.0,
    0.0,
    0.0,
    0.0
  ],
  "(12, 0, 1, 13, 1, 1, 39, 0, 1, 1, 6, 1)": [
    2.1710200417164294,
    0.0,
    0.0,
    0.0,
    0.0,
    0.0,
    0.0,
    0.0,
    0.0,
    0.0
  ],
  "(12, 0, 1, 13, 1, 1, 39, 0, 1, 1, 11, 1)": [
    2.3909841227742983,
    0.0,
    0.0,
    0.0,
    0.0,
    0.0,
    0.0,
    0.0,
    0.0,
    0.0
  ],
  "(12, 1, 1, 13, 1, 1, 39, 0, 1, 1, 11, 1)": [
    2.1357559678435325,
    0.0,
    0.0,
    0.0,
    0.0,
    0.0,
    0.0,
    0.0,
    0.0,
    0.0
  ],
  "(12, 1, 1, 13, 0, 1, 39, 0, 1, 1, 11, 1)": [
    -0.25,
    1.0655386924810566,
    0.0,
    0.0,
    0.0,
    0.0,
    0.0,
    0.0,
    0.0,
    0.0
  ],
  "(12, 0, 1, 13, 0, 1, 39, 0, 1, 1, 11, 1)": [
    0.0,
    0.0,
    0.0,
    0.0,
    0.0,
    0.0,
    0.0,
    0.0,
    0.0,
    0.0
  ],
  "(12, 1, 1, 13, 1, 1, 39, 1, 1, 1, 6, 1)": [
    5.6040227848198825,
    0.0,
    0.3615015625,
    0.0,
    0.0,
    0.0,
    0.0,
    0.0,
    0.0,
    0.0
  ],
  "(12, 0, 1, 13, 1, 1, 39, 1, 1, 1, 6, 1)": [
    5.925333298598348,
    0.0,
    0.0,
    0.0,
    0.0,
    0.0,
    0.0,
    0.0,
    0.0,
    0.0
  ],
  "(12, 1, 1, 13, 1, 1, 39, 1, 2, 1, 1, 1)": [
    9.964718617505108,
    0.0,
    0.0,
    0.0,
    0.0,
    0.0,
    0.0,
    3.418522293224757,
    0.0,
    0.0
  ],
  "(12, 0, 1, 13, 1, 1, 39, 1, 2, 1, 1, 1)": [
    10.241182098823177,
    0.0,
    0.0,
    0.0,
    0.0,
    0.0,
    0.0,
    0.0,
    0.0,
    0.0
  ]
}