{
  "(12, 1, 0, 13, 1, 0, 39, 1, 0, 300, 120, 1)": [
    -0.5,
    -0.5,
    -0.5,
    0.8555,
    0.0,
    0.0,
    0.0,
    0.0,
    0.0,
    0.0
  ],
  "(12, 0, 0, 13, 1, 0, 39, 1, 0, 300, 120, 1)": [
    0.0,
    0.0,
    0.0,
    0.0,
    0.0,
    0.0,
    0.0,
    0.0,
    0.0,
    0.0
  ],
  "(12, 1, 0, 13, 0, 0, 39, 1, 0, 300, 120, 1)": [
    -0.5,
    -0.5,
    0.0,
    0.0,
    0.0,
    0.0,
    0.0,
    0.0,
    0.0,
    0.0
  ],
  "(12, 0, 0, 13, 0, 0, 39, 1, 0, 300, 120, 1)": [
    -0.5,
    0.0,
    0.0,
    0.0,
    0.0,
    0.0,
    0.0,
    0.0,
    0.0,
    0.0
  ],
  "(12, 1, 0, 13, 1, 0, 39, 0, 0, 300, 120, 1)": [
    -0.5,
    0.0,
    0.0,
    0.0,
    0.0,
    0.0,
    -0.5,
    0.0,
    0.0,
    -0.5
  ],
  "(12, 0, 0, 13, 1, 0, 39, 0, 0, 300, 120, 1)": [
    -0.5,
    0.0,
    0.0,
    0.0,
    0.0,
    0.0,
    0.0,
    0.0,
    0.0,
    0.0
  ],
  "(12, 1, 0, 13, 1, 0, 39, 0, 0, 300, 115, 1)": [
    -0.5,
    0.0,
    0.0,
    0.0,
    0.0,
    0.0,
    0.0,
    0.0,
    0.0,
    0.0
  ],
  "(12, 0, 0, 13, 1, 0, 39, 0, 0, 300, 115, 1)": [
    0.0,
    0.0,
    0.0,
    0.0,
    0.0,
    0.0,
    0.0,
    -0.5,
    0.0,
    0.0
  ],
  "(12, 0, 0, 13, 1, 0, 39, 0, 0, 295, 115, 1)": [
    -0.75,
    0.4055,
    0.0,
    0.0,
    -0.5,
    0.0,
    0.0,
    0.0,
    0.0,
    0.0
  ],
  "(12, 1, 0, 13, 1, 0, 39, 0, 0, 295, 115, 1)": [
    -0.5,
    -0.5,
    0.0,
    0.0,
    0.0,
    0.0,
    0.0,
    0.0,
    0.0,
    0.0
  ],
  "(12, 1, 0, 13, 0, 0, 39, 0, 0, 295, 115, 1)": [
    0.6082500000000001,
    0.0,
    0.0,
    0.0,
    0.0,
    0.0,
    0.0,
    0.0,
    0.0,
    0.0
  ],
  "(12, 0, 0, 13, 0, 0, 39, 0, 0, 295, 115, 1)": [
    -0.31752499999999995,
    -0.5,
    -0.5,
    0.0,
    0.0,
    0.0,
    0.0,
    0.0,
    0.0,
    0.0
  ],
  "(12, 0, 0, 13, 0, 0, 39, 1, 0, 295, 115, 1)": [
    -0.5,
    -0.5,
    0.0,
    0.0,
    0.0,
    0.0,
    0.0,
    0.0,
    0.0,
    0.0
  ],
  "(12, 1, 0, 13, 0, 0, 39, 1, 0, 295, 115, 1)": [
    -0.5,
    0.0,
    0.0,
    0.0,
    0.0,
    0.0,
    0.0,
    0.0,
    0.0,
    0.0
  ],
  "(12, 0, 0, 13, 1, 0, 39, 1, 0, 295, 115, 1)": [
    -0.5,
    0.0,
    -0.31752499999999995,
    0.0,
    0.0,
    0.0,
    0.0,
    0.0,
    0.0,
    0.0
  ],
  "(12, 1, 0, 13, 1, 0, 39, 1, 0, 295, 115, 1)": [
    -0.5,
    0.0,
    0.0,
    0.0,
    0.0,
    0.0,
    0.0,
    0.0,
    0.0,
    0.0
  ],
  "(12, 0, 0, 13, 1, 1, 39, 0, 0, 295, 115, 1)": [
    -0.5,
    0.0,
    0.0,
    0.0,
    0.0,
    0.0,
    0.0,
    0.0,
    0.0,
    0.0
  ],
  "(12, 1, 0, 13, 1, 1, 39, 0, 0, 295, 115, 1)": [
    -0.5,
    0.0,
    0.0,
    0.0,
    0.0,
    0.0,
    0.0,
    0.0,
    0.0,
    0.0
  ],
  "(12, 1, 1, 13, 1, 0, 39, 1, 0, 300, 120, 1)": [
    0.6055,
    0.0,
    0.0,
    0.0,
    0.0,
    0.0,
    0.0,
    0.0,
    0.0,
    0.0
  ],
  "(12, 0, 1, 13, 1, 0, 39, 1, 0, 300, 120, 1)": [
    0.0,
    0.0,
    0.0,
    0.0,
    0.0,
    1.2055,
    0.0,
    0.0,
    0.0,
    0.0
  ],
  "(12, 0, 1, 13, 1, 0, 39, 1, 1, 300, 120, 1)": [
    4.538457659375,
    0.0,
    0.0,
    0.0,
    0.0,
    0.0,
    0.0,
    0.0,
    1.2055,
    0.0
  ],
  "(12, 1, 1, 13, 1, 0, 39, 1, 1, 300, 120, 1)": [
    4.99527904046875,
    0.0,
    0.0,
    0.0,
    0.0,
    0.0,
    0.0,
    0.0,
    0.0,
    0.0
  ],
  "(12, 0, 1, 13, 1, 0, 39, 1, 1, 300, 125, 1)": [
    10.119183365581044,
    0.0,
    0.0,
    0.0,
    0.0,
    0.0,
    0.0,
    0.0,
    0.0,
    0.0
  ],
  "(12, 1, 1, 13, 1, 0, 39, 1, 1, 300, 125, 1)": [
    9.288272088812079,
    0.0,
    0.0,
    0.0,
    0.0,
    0.0,
    4.520875450314776,
    1.4555,
    0.0,
    0.0
  ],
  "(12, 1, 1, 13, 1, 0, 39, 1, 1, 295, 125, 1)": [
    2.70733875,
    0.0,
    0.0,
    0.0,
    0.0,
    0.0,
    0.0,
    0.0,
    0.0,
    0.0
  ],
  "(12, 0, 1, 13, 1, 0, 39, 1, 1, 295, 125, 1)": [
    1.997975,
    0.0,
    0.0,
    0.0,
    0.0,
    0.0,
    2.5647086875000005,
    0.0,
    0.0,
    0.0
  ]
}