{
  "(12, 1, 0, 13, 1, 0, 39, 1, 0, 300, 120, 1)": [
    0.6055,
    0.0,
    0.0,
    0.0,
    0.0,
    0.0,
    0.0,
    0.0,
    0.0,
    0.0
  ],
  "(12, 0, 0, 13, 1, 0, 39, 1, 0, 300, 120, 1)": [
    0.0,
    0.3055,
    0.0,
    0.0,
    0.0,
    0.0,
    0.0,
    0.0,
    0.0,
    0.0
  ],
  "(12, 0, 0, 13, 0, 0, 39, 1, 0, 300, 120, 1)": [
    1.6937773468750001,
    0.0,
    0.0,
    0.0,
    0.0,
    0.0,
    0.0,
    0.0,
    0.0,
    0.0
  ],
  "(12, 1, 0, 13, 0, 0, 39, 1, 0, 300, 120, 1)": [
    1.1202399375,
    0.0,
    0.0,
    0.0,
    0.0,
    1.2055,
    0.0,
    0.0,
    0.0,
    0.0
  ],
  "(12, 1, 0, 13, 0, 0, 39, 1, 1, 300, 120, 1)": [
    0.9055,
    0.0,
    0.0,
    0.0,
    0.0,
    0.8055,
    0.0,
    0.0,
    0.0,
    0.0
  ],
  "(12, 0, 0, 13, 0, 0, 39, 1, 1, 300, 120, 1)": [
    1.612975,
    0.0,
    0.0,
    0.0,
    0.0,
    0.0,
    0.0,
    0.0,
    0.0,
    0.0
  ],
  "(12, 1, 0, 13, 0, 0, 39, 1, 2, 300, 120, 1)": [
    1.22308875,
    0.0,
    0.0,
    0.0,
    0.0,
    0.0,
    0.0,
    0.0,
    0.0,
    0.0
  ],
  "(12, 0, 0, 13, 0, 0, 39, 1, 2, 300, 120, 1)": [
    1.032975,
    0.0,
    0.0,
    0.0,
    0.0,
    0.0,
    0.0,
    0.0,
    0.0,
    0.5055
  ],
  "(12, 0, 0, 13, 0, 0, 39, 1, 2, 300, 115, 1)": [
    4.3387173005432516,
    0.0,
    0.4055,
    0.0,
    0.0,
    0.0,
    0.0,
    0.0,
    0.0,
    0.0
  ],
  "(12, 1, 0, 13, 0, 0, 39, 1, 2, 300, 115, 1)": [
    4.3171793071098925,
    0.0,
    0.0,
    0.0,
    0.0,
    0.0,
    0.0,
    0.0,
    0.0,
    0.0
  ],
  "(12, 0, 0, 13, 0, 0, 39, 0, 2, 300, 115, 1)": [
    0.7055,
    0.0,
    0.0,
    0.0,
    0.0,
    0.0,
    0.0,
    0.0,
    0.0,
    0.0
  ],
  "(12, 1, 0, 13, 0, 0, 39, 0, 2, 300, 115, 1)": [
    0.0,
    0.0,
    0.0,
    0.0,
    0.7055,
    0.0,
    0.0,
    0.0,
    0.0,
    0.0
  ],
  "(12, 1, 0, 13, 0, 1, 39, 0, 2, 300, 115, 1)": [
    0.0,
    0.0,
    0.0,
    0.0,
    0.0,
    0.0,
    0.0,
    0.0,
    0.0,
    0.0
  ]
}